pathway_id,pathway_name,p_value,n_samples,q_value
map05217,Basal cell carcinoma [PATH:ko05217],0.46077089055229214,24,0.46077089055229214
map00996,Biosynthesis of various alkaloids [PATH:ko00996],0.46077089055229214,24,0.4616289369034138
map99999,Others,0.4607708905522918,24,0.46249018492002425
map02022,Two-component system [BR:ko02022],0.4607708905522918,24,0.46335465255538877
map01057,Biosynthesis of type II polyketide products [PATH:ko01057],0.4607708905522918,24,0.4642223578972528
map01059,Biosynthesis of enediyne antibiotics [PATH:ko01059],0.4607708905522918,24,0.465093319169105
map01501,beta-Lactam resistance [PATH:ko01501],0.4607708905522918,24,0.46596755473145296
map01502,Vancomycin resistance [PATH:ko01502],0.4607708905522918,24,0.46684508308311295
map01503,Cationic antimicrobial peptide (CAMP) resistance [PATH:ko01503],0.4607708905522918,24,0.4677259228625151
map01504,Antimicrobial resistance genes [BR:ko01504],0.4607708905522918,24,0.46861009284902266
map01522,Endocrine resistance [PATH:ko01522],0.4607708905522918,24,0.46949761196426704
map01523,Antifolate resistance [PATH:ko01523],0.4607708905522918,24,0.47038849927349713
map01524,Platinum drug resistance [PATH:ko01524],0.4607708905522918,24,0.47128277398694485
map02000,Transporters [BR:ko02000],0.4607708905522918,24,0.4721804554612057
map02010,ABC transporters [PATH:ko02010],0.4607708905522918,24,0.4730815632006355
map02020,Two-component system [PATH:ko02020],0.4607708905522918,24,0.47398611685876285
map02024,Quorum sensing [PATH:ko02024],0.4607708905522918,24,0.4748941362397184
map01054,Nonribosomal peptide structures [PATH:ko01054],0.4607708905522918,24,0.47580564129967945
map02025,Biofilm formation - Pseudomonas aeruginosa [PATH:ko02025],0.4607708905522918,24,0.47672065214833265
map02026,Biofilm formation - Escherichia coli [PATH:ko02026],0.4607708905522918,24,0.4776391890503526
map02030,Bacterial chemotaxis [PATH:ko02030],0.4607708905522918,24,0.47856127242689767
map02035,Bacterial motility proteins [BR:ko02035],0.4607708905522918,24,0.47948692285712374
map02040,Flagellar assembly [PATH:ko02040],0.4607708905522918,24,0.4804161610797151
map02042,Bacterial toxins [BR:ko02042],0.4607708905522918,24,0.481349007994433
map02044,Secretion system [BR:ko02044],0.4607708905522918,24,0.4822854846636829
map02048,Prokaryotic defense system [BR:ko02048],0.4607708905522918,24,0.4832256123140994
map02060,Phosphotransferase system (PTS) [PATH:ko02060],0.4607708905522918,24,0.48416941233815036
map03000,Transcription factors [BR:ko03000],0.4607708905522918,24,0.48511690629575926
map03008,Ribosome biogenesis in eukaryotes [PATH:ko03008],0.4607708905522918,24,0.486068115915947
map03009,Ribosome biogenesis [BR:ko03009],0.4607708905522918,24,0.4870230630984931
map03010,Ribosome [PATH:ko03010],0.4607708905522918,24,0.4879817699156161
map01055,Biosynthesis of vancomycin group antibiotics [PATH:ko01055],0.4607708905522918,24,0.4889442586136745
map01053,Biosynthesis of siderophore group nonribosomal peptides [PATH:ko01053],0.4607708905522918,24,0.48991055161488734
map03012,Translation factors [BR:ko03012],0.4607708905522918,24,0.4908806715190752
map00997,Biosynthesis of various other secondary metabolites [PATH:ko00997],0.4607708905522918,24,0.4918546411054226
map00944,Flavone and flavonol biosynthesis [PATH:ko00944],0.4607708905522918,24,0.4928324833342604
map00945,"Stilbenoid, diarylheptanoid and gingerol biosynthesis [PATH:ko00945]",0.4607708905522918,24,0.4938142213488705
map00946,Degradation of flavonoids [PATH:ko00946],0.4607708905522918,24,0.49479987847731133
map00950,Isoquinoline alkaloid biosynthesis [PATH:ko00950],0.4607708905522918,24,0.49578947823426595
map00960,"Tropane, piperidine and pyridine alkaloid biosynthesis [PATH:ko00960]",0.4607708905522918,24,0.4967830443229118
map00965,Betalain biosynthesis [PATH:ko00965],0.4607708905522918,24,0.49778060063681323
map00966,Glucosinolate biosynthesis [PATH:ko00966],0.4607708905522918,24,0.498782171261837
map00970,Aminoacyl-tRNA biosynthesis [PATH:ko00970],0.4607708905522918,24,0.4997877804780907
map00980,Metabolism of xenobiotics by cytochrome P450 [PATH:ko00980],0.4607708905522918,24,0.5007974527618848
map00981,Insect hormone biosynthesis [PATH:ko00981],0.4607708905522918,24,0.5018112127877186
map00982,Drug metabolism - cytochrome P450 [PATH:ko00982],0.4607708905522918,24,0.50282908543029
map00983,Drug metabolism - other enzymes [PATH:ko00983],0.4607708905522918,24,0.5038510957665304
map00984,Steroid degradation [PATH:ko00984],0.4607708905522918,24,0.504877269077664
map00998,Biosynthesis of various antibiotics [PATH:ko00998],0.4607708905522918,24,0.5059076308512918
map01052,Type I polyketide structures [PATH:ko01052],0.4607708905522918,24,0.506942206783503
map00999,Biosynthesis of various plant secondary metabolites [PATH:ko00999],0.4607708905522918,24,0.5079810227810102
map01001,Protein kinases [BR:ko01001],0.4607708905522918,24,0.5090241049633121
map01002,Peptidases and inhibitors [BR:ko01002],0.4607708905522918,24,0.5100714796648826
map01003,Glycosyltransferases [BR:ko01003],0.4607708905522918,24,0.5111231734373876
map01004,Lipid biosynthesis proteins [BR:ko01004],0.4607708905522918,24,0.5121792130519277
map01005,Lipopolysaccharide biosynthesis proteins [BR:ko01005],0.4607708905522918,24,0.5132396255013105
map01006,Prenyltransferases [BR:ko01006],0.4607708905522918,24,0.5143044380023506
map01007,Amino acid related enzymes [BR:ko01007],0.4607708905522918,24,0.5153736779981974
map01008,Polyketide biosynthesis proteins [BR:ko01008],0.4607708905522918,24,0.5164473731606937
map01009,Protein phosphatases and associated proteins [BR:ko01009],0.4607708905522918,24,0.517525551392762
map01011,Peptidoglycan biosynthesis and degradation proteins [BR:ko01011],0.4607708905522918,24,0.5186082408308221
map01040,Biosynthesis of unsaturated fatty acids [PATH:ko01040],0.4607708905522918,24,0.5196954698472389
map01051,Biosynthesis of ansamycins [PATH:ko01051],0.4607708905522918,24,0.5207872670528004
map03011,Ribosome [BR:ko03011],0.4607708905522918,24,0.5218836612992274
map03013,Nucleocytoplasmic transport [PATH:ko03013],0.4607708905522918,24,0.5229846816817152
map00941,Flavonoid biosynthesis [PATH:ko00941],0.4607708905522918,24,0.5240903575415073
map04052,Cytokines and neuropeptides [BR:ko04052],0.4607708905522918,24,0.5252007184685021
map04010,MAPK signaling pathway [PATH:ko04010],0.4607708905522918,24,0.5263157943038916
map04011,MAPK signaling pathway - yeast [PATH:ko04011],0.4607708905522918,24,0.5274356151428361
map04012,ErbB signaling pathway [PATH:ko04012],0.4607708905522918,24,0.5285602113371706
map04013,MAPK signaling pathway - fly [PATH:ko04013],0.4607708905522918,24,0.5296896134981474
map04014,Ras signaling pathway [PATH:ko04014],0.4607708905522918,24,0.5308238524992142
map04015,Rap1 signaling pathway [PATH:ko04015],0.4607708905522918,24,0.5319629594788261
map04016,MAPK signaling pathway - plant [PATH:ko04016],0.4607708905522918,24,0.5331069658432968
map04020,Calcium signaling pathway [PATH:ko04020],0.4607708905522918,24,0.5342559032696832
map04022,cGMP-PKG signaling pathway [PATH:ko04022],0.4607708905522918,24,0.5354098037087105
map04024,cAMP signaling pathway [PATH:ko04024],0.4607708905522918,24,0.5365686993877338
map04030,G protein-coupled receptors [BR:ko04030],0.4607708905522918,24,0.5377326228137375
map04031,GTP-binding proteins [BR:ko04031],0.4607708905522918,24,0.5389016067763761
map04040,Ion channels [BR:ko04040],0.4607708905522918,24,0.5400756843510522
map04062,Chemokine signaling pathway [PATH:ko04062],0.4607708905522918,24,0.5412548889020371
map03015,mRNA surveillance pathway [PATH:ko03015],0.4607708905522918,24,0.5424392540856302
map99998,Others,0.4607708905522918,24,0.5436288138533618
map04066,HIF-1 signaling pathway [PATH:ko04066],0.4607708905522918,24,0.5448236024552373
map04068,FoxO signaling pathway [PATH:ko04068],0.4607708905522918,24,0.5460236544430241
map04070,Phosphatidylinositol signaling system [PATH:ko04070],0.4607708905522918,24,0.5472290046735827
map04071,Sphingolipid signaling pathway [PATH:ko04071],0.4607708905522918,24,0.5484396883122411
map04072,Phospholipase D signaling pathway [PATH:ko04072],0.4607708905522918,24,0.549655740836215
map04075,Plant hormone signal transduction [PATH:ko04075],0.4607708905522918,24,0.5508771980380733
map04081,Hormone signaling [PATH:ko04081],0.4607708905522918,24,0.5521040960292494
map04090,CD molecules [BR:ko04090],0.4607708905522918,24,0.5533364712436004
map04091,Lectins [BR:ko04091],0.4607708905522918,24,0.5545743604410134
map04110,Cell cycle [PATH:ko04110],0.4607708905522918,24,0.5558178007110605
map04111,Cell cycle - yeast [PATH:ko04111],0.4607708905522918,24,0.5570668294767034
map04112,Cell cycle - Caulobacter [PATH:ko04112],0.4607708905522918,24,0.5583214844980473
map03460,Fanconi anemia pathway [PATH:ko03460],0.4607708905522918,24,0.5595818038761466
map03450,Non-homologous end-joining [PATH:ko03450],0.4607708905522918,24,0.560847826056862
map03440,Homologous recombination [PATH:ko03440],0.4607708905522918,24,0.5621195898347687
map03430,Mismatch repair [PATH:ko03430],0.4607708905522918,24,0.5633971343571205
map03016,Transfer RNA biogenesis [BR:ko03016],0.4607708905522918,24,0.5646804991278656
map03018,RNA degradation [PATH:ko03018],0.4607708905522918,24,0.5659697240117192
map03019,Messenger RNA biogenesis [BR:ko03019],0.4607708905522918,24,0.5672648492382906
map03020,RNA polymerase [PATH:ko03020],0.4607708905522918,24,0.5685659154062683
map03021,Transcription machinery [BR:ko03021],0.4607708905522918,24,0.569872963487662
map03022,Basal transcription factors [PATH:ko03022],0.4607708905522918,24,0.5711860348321036
map03029,Mitochondrial biogenesis [BR:ko03029],0.4607708905522918,24,0.5725051711712078
map03030,DNA replication [PATH:ko03030],0.4607708905522918,24,0.573830414622993
map03032,DNA replication proteins [BR:ko03032],0.4607708905522918,24,0.5751618076963643
map03036,Chromosome and associated proteins [BR:ko03036],0.4607708905522918,24,0.5764993932956581
map03037,Cilium and associated proteins [BR:ko03037],0.4607708905522918,24,0.5778432147252517
map03040,Spliceosome [PATH:ko03040],0.4607708905522918,24,0.5791933156942359
map03041,Spliceosome [BR:ko03041],0.4607708905522918,24,0.5805497403211546
map03050,Proteasome [PATH:ko03050],0.4607708905522918,24,0.5819125331388099
map03051,Proteasome [BR:ko03051],0.4607708905522918,24,0.5832817390991364
map03060,Protein export [PATH:ko03060],0.4607708905522918,24,0.5846574035781439
map03070,Bacterial secretion system [PATH:ko03070],0.4607708905522918,24,0.5860395723809291
map03082,ATP-dependent chromatin remodeling [PATH:ko03082],0.4607708905522918,24,0.5874282917467606
map03083,Polycomb repressive complex [PATH:ko03083],0.4607708905522918,24,0.5888236083542351
map03110,Chaperones and folding catalysts [BR:ko03110],0.4607708905522918,24,0.5902255693265072
map03250,Viral life cycle - HIV-1 [PATH:ko03250],0.4607708905522918,24,0.5916342222365942
map03266,Virion - Herpesvirus [PATH:ko03266],0.4607708905522918,24,0.5930496151127583
map03273,Virion - Lassa virus and SFTS virus [PATH:ko03273],0.4607708905522918,24,0.594471796443964
map03320,PPAR signaling pathway [PATH:ko03320],0.4607708905522918,24,0.5959008151854158
map03400,DNA repair and recombination proteins [BR:ko03400],0.4607708905522918,24,0.5973367207641759
map03410,Base excision repair [PATH:ko03410],0.4607708905522918,24,0.5987795630848622
map03420,Nucleotide excision repair [PATH:ko03420],0.4607708905522918,24,0.600229392535431
map00943,Isoflavonoid biosynthesis [PATH:ko00943],0.4607708905522918,24,0.6016862599930413
map00940,Phenylpropanoid biosynthesis [PATH:ko00940],0.4607708905522918,24,0.6031502168300072
map04114,Oocyte meiosis [PATH:ko04114],0.4607708905522918,24,0.6046213149198365
map00380,Tryptophan metabolism [PATH:ko00380],0.4607708905522918,24,0.6060996066433569
map00310,Lysine degradation [PATH:ko00310],0.4607708905522918,24,0.6075851448949338
map00311,Penicillin and cephalosporin biosynthesis [PATH:ko00311],0.4607708905522918,24,0.6090779830887788
map00330,Arginine and proline metabolism [PATH:ko00330],0.4607708905522918,24,0.6105781751653522
map00332,Carbapenem biosynthesis [PATH:ko00332],0.4607708905522918,24,0.6120857755978593
map00333,Prodigiosin biosynthesis [PATH:ko00333],0.4607708905522918,24,0.613600839398844
map00340,Histidine metabolism [PATH:ko00340],0.4607708905522918,24,0.6151234221268809
map00350,Tyrosine metabolism [PATH:ko00350],0.4607708905522918,24,0.6166535798933657
map00360,Phenylalanine metabolism [PATH:ko00360],0.4607708905522918,24,0.618191369369409
map00361,Chlorocyclohexane and chlorobenzene degradation [PATH:ko00361],0.4607708905522918,24,0.6197368477928324
map00362,Benzoate degradation [PATH:ko00362],0.4607708905522918,24,0.6212900729752706
map00363,Bisphenol degradation [PATH:ko00363],0.4607708905522918,24,0.6228511033093793
map00364,Fluorobenzoate degradation [PATH:ko00364],0.4607708905522918,24,0.6244199977761536
map00365,Furfural degradation [PATH:ko00365],0.4607708905522918,24,0.625996815952356
map00400,"Phenylalanine, tyrosine and tryptophan biosynthesis [PATH:ko00400]",0.4607708905522918,24,0.6275816180180582
map00290,"Valine, leucine and isoleucine biosynthesis [PATH:ko00290]",0.4607708905522918,24,0.629174464764297
map00401,Novobiocin biosynthesis [PATH:ko00401],0.4607708905522918,24,0.6307754176008473
map00405,Phenazine biosynthesis [PATH:ko00405],0.4607708905522918,24,0.6323845385641148
map00410,beta-Alanine metabolism [PATH:ko00410],0.4607708905522918,24,0.6340018903251483
map00430,Taurine and hypotaurine metabolism [PATH:ko00430],0.4607708905522918,24,0.6356275361977769
map00440,Phosphonate and phosphinate metabolism [PATH:ko00440],0.4607708905522918,24,0.6372615401468714
map00450,Selenocompound metabolism [PATH:ko00450],0.4607708905522918,24,0.6389039667967344
map00460,Cyanoamino acid metabolism [PATH:ko00460],0.4607708905522918,24,0.6405548814396201
map00470,D-Amino acid metabolism [PATH:ko00470],0.4607708905522918,24,0.642214350044386
map00480,Glutathione metabolism [PATH:ko00480],0.4607708905522918,24,0.6438824392652804
map00500,Starch and sucrose metabolism [PATH:ko00500],0.4607708905522918,24,0.6455592164508671
map00510,N-Glycan biosynthesis [PATH:ko00510],0.4607708905522918,24,0.6472447496530888
map00511,Other glycan degradation [PATH:ko00511],0.4607708905522918,24,0.6489391076364738
map00513,Various types of N-glycan biosynthesis [PATH:ko00513],0.4607708905522918,24,0.6506423598874882
map00300,Lysine biosynthesis [PATH:ko00300],0.4607708905522918,24,0.6523545766240342
map00280,"Valine, leucine and isoleucine degradation [PATH:ko00280]",0.4607708905522918,24,0.6540758288051002
map00920,Sulfur metabolism [PATH:ko00920],0.4607708905522918,24,0.6558061881405635
map00130,Ubiquinone and other terpenoid-quinone biosynthesis [PATH:ko00130],0.4607708905522918,24,0.6575457271011484
map00020,Citrate cycle (TCA cycle) [PATH:ko00020],0.4607708905522918,24,0.6592945189285452
map00030,Pentose phosphate pathway [PATH:ko00030],0.4607708905522918,24,0.661052637645688
map00040,Pentose and glucuronate interconversions [PATH:ko00040],0.4607708905522918,24,0.6628201580672005
map00051,Fructose and mannose metabolism [PATH:ko00051],0.4607708905522918,24,0.664597155810008
map00052,Galactose metabolism [PATH:ko00052],0.4607708905522918,24,0.6663837073041209
map00053,Ascorbate and aldarate metabolism [PATH:ko00053],0.4607708905522918,24,0.668179889803593
map00061,Fatty acid biosynthesis [PATH:ko00061],0.4607708905522918,24,0.6699857813976567
map00062,Fatty acid elongation [PATH:ko00062],0.4607708905522918,24,0.6718014610220406
map00071,Fatty acid degradation [PATH:ko00071],0.4607708905522918,24,0.6736270084704701
map00073,"Cutin, suberine and wax biosynthesis [PATH:ko00073]",0.4607708905522918,24,0.6754625044063569
map00074,Mycolic acid biosynthesis [PATH:ko00074],0.4607708905522918,24,0.6773080303746802
map00100,Steroid biosynthesis [PATH:ko00100],0.4607708905522918,24,0.679163668814063
map00120,Primary bile acid biosynthesis [PATH:ko00120],0.4607708905522918,24,0.6810295030690466
map00140,Steroid hormone biosynthesis [PATH:ko00140],0.4607708905522918,24,0.6829056174025702
map00270,Cysteine and methionine metabolism [PATH:ko00270],0.4607708905522918,24,0.6847920970086546
map00190,Oxidative phosphorylation [PATH:ko00190],0.4607708905522918,24,0.6866890280252991
map00194,Photosynthesis proteins [BR:ko00194],0.4607708905522918,24,0.6885964975475917
map00195,Photosynthesis [PATH:ko00195],0.4607708905522918,24,0.690514593641039
map00199,Cytochrome P450 [BR:ko00199],0.4607708905522918,24,0.6924434053551201
map00220,Arginine biosynthesis [PATH:ko00220],0.4607708905522918,24,0.6943830227370672
map00230,Purine metabolism [PATH:ko00230],0.4607708905522918,24,0.6963335368458792
map00232,Caffeine metabolism [PATH:ko00232],0.4607708905522918,24,0.6982950397665718
map00240,Pyrimidine metabolism [PATH:ko00240],0.4607708905522918,24,0.7002676246246694
map00250,"Alanine, aspartate and glutamate metabolism [PATH:ko00250]",0.4607708905522918,24,0.7022513856009434
map00253,Tetracycline biosynthesis [PATH:ko00253],0.4607708905522918,24,0.7042464179464005
map00254,Aflatoxin biosynthesis [PATH:ko00254],0.4607708905522918,24,0.7062528179975299
map00260,"Glycine, serine and threonine metabolism [PATH:ko00260]",0.4607708905522918,24,0.7082706831918085
map00261,Monobactam biosynthesis [PATH:ko00261],0.4607708905522918,24,0.7103001120834757
map00514,Other types of O-glycan biosynthesis [PATH:ko00514],0.4607708905522918,24,0.7123412043595776
map00515,Mannose type O-glycan biosynthesis [PATH:ko00515],0.4607708905522918,24,0.714394060856291
map00520,Amino sugar and nucleotide sugar metabolism [PATH:ko00520],0.4607708905522918,24,0.7164587835755288
map00760,Nicotinate and nicotinamide metabolism [PATH:ko00760],0.4607708905522918,24,0.7185354757018347
map00630,Glyoxylate and dicarboxylate metabolism [PATH:ko00630],0.4607708905522918,24,0.7206242416195726
map00633,Nitrotoluene degradation [PATH:ko00633],0.4607708905522918,24,0.7227251869304169
map00640,Propanoate metabolism [PATH:ko00640],0.4607708905522918,24,0.724838418471149
map00642,Ethylbenzene degradation [PATH:ko00642],0.4607708905522918,24,0.7269640443317683
map00650,Butanoate metabolism [PATH:ko00650],0.4607708905522918,24,0.7291021738739205
map00660,C5-Branched dibasic acid metabolism [PATH:ko00660],0.4607708905522918,24,0.7312529177496548
map00670,One carbon pool by folate [PATH:ko00670],0.4607708905522918,24,0.7334163879205118
map00680,Methane metabolism [PATH:ko00680],0.4607708905522918,24,0.7355926976769525
map00710,Carbon fixation by Calvin cycle [PATH:ko00710],0.4607708905522918,24,0.7377819616581339
map00720,Other carbon fixation pathways [PATH:ko00720],0.4607708905522918,24,0.7399842958720387
map00730,Thiamine metabolism [PATH:ko00730],0.4607708905522918,24,0.742199817715967
map00740,Riboflavin metabolism [PATH:ko00740],0.4607708905522918,24,0.7444286459973963
map00750,Vitamin B6 metabolism [PATH:ko00750],0.4607708905522918,24,0.7466709009552198
map00770,Pantothenate and CoA biosynthesis [PATH:ko00770],0.4607708905522918,24,0.7489267042813685
map00521,Streptomycin biosynthesis [PATH:ko00521],0.4607708905522918,24,0.7511961791428272
map00780,Biotin metabolism [PATH:ko00780],0.4607708905522918,24,0.7534794502040516
map00785,Lipoic acid metabolism [PATH:ko00785],0.4607708905522918,24,0.7557766436497957
map00790,Folate biosynthesis [PATH:ko00790],0.4607708905522918,24,0.7580878872083577
map00791,Atrazine degradation [PATH:ko00791],0.4607708905522918,24,0.7604133101752546
map00830,Retinol metabolism [PATH:ko00830],0.4607708905522918,24,0.7627530434373323
map00860,Porphyrin metabolism [PATH:ko00860],0.4607708905522918,24,0.7651072194973241
map00900,Terpenoid backbone biosynthesis [PATH:ko00900],0.4607708905522918,24,0.7674759724988637
map00901,Indole alkaloid biosynthesis [PATH:ko00901],0.4607708905522918,24,0.7698594382519658
map00903,Limonene degradation [PATH:ko00903],0.4607708905522918,24,0.7722577542589812
map00907,"Pinene, camphor and geraniol degradation [PATH:ko00907]",0.4607708905522918,24,0.7746710597410406
map00908,Zeatin biosynthesis [PATH:ko00908],0.4607708905522918,24,0.7770994956649937
map00909,Sesquiterpenoid and triterpenoid biosynthesis [PATH:ko00909],0.4607708905522918,24,0.7795432047708585
map00910,Nitrogen metabolism [PATH:ko00910],0.4607708905522918,24,0.7820023315997886
map00627,Aminobenzoate degradation [PATH:ko00627],0.4607708905522918,24,0.7844770225225728
map00626,Naphthalene degradation [PATH:ko00626],0.4607708905522918,24,0.7869674257686762
map00625,Chloroalkane and chloroalkene degradation [PATH:ko00625],0.4607708905522918,24,0.7894736914558376
map00624,Polycyclic aromatic hydrocarbon degradation [PATH:ko00624],0.4607708905522918,24,0.7919959716202332
map00523,Polyketide sugar unit biosynthesis [PATH:ko00523],0.4607708905522918,24,0.7945344202472211
map00524,"Neomycin, kanamycin and gentamicin biosynthesis [PATH:ko00524]",0.4607708905522918,24,0.7970891933026784
map00525,Acarbose and validamycin biosynthesis [PATH:ko00525],0.4607708905522918,24,0.7996604487649451
map00531,Glycosaminoglycan degradation [PATH:ko00531],0.4607708905522918,24,0.8022483466573883
map00536,Glycosaminoglycan binding proteins [BR:ko00536],0.4607708905522918,24,0.8048530490816006
map00537,Glycosylphosphatidylinositol (GPI)-anchored proteins [BR:ko00537],0.4607708905522918,24,0.8074747202512476
map00540,Lipopolysaccharide biosynthesis [PATH:ko00540],0.4607708905522918,24,0.8101135265265784
map00541,Biosynthesis of various nucleotide sugars [PATH:ko00541],0.4607708905522918,24,0.8127696364496163
map00542,O-Antigen repeat unit biosynthesis [PATH:ko00542],0.4607708905522918,24,0.8154432207800427
map00543,Exopolysaccharide biosynthesis [PATH:ko00543],0.4607708905522918,24,0.8181344525317921
map00550,Peptidoglycan biosynthesis [PATH:ko00550],0.4607708905522918,24,0.8208435070103741
map00552,Teichoic acid biosynthesis [PATH:ko00552],0.4607708905522918,24,0.8235705618509401
map00561,Glycerolipid metabolism [PATH:ko00561],0.4607708905522918,24,0.82631579705711
map00562,Inositol phosphate metabolism [PATH:ko00562],0.4607708905522918,24,0.8290793950405786
map00564,Glycerophospholipid metabolism [PATH:ko00564],0.4607708905522918,24,0.8318615406615201
map00565,Ether lipid metabolism [PATH:ko00565],0.4607708905522918,24,0.834662421269808
map00571,Lipoarabinomannan (LAM) biosynthesis [PATH:ko00571],0.4607708905522918,24,0.8374822267470708
map00572,Arabinogalactan biosynthesis - Mycobacterium [PATH:ko00572],0.4607708905522918,24,0.8403211495496034
map00590,Arachidonic acid metabolism [PATH:ko00590],0.4607708905522918,24,0.843179384752153
map00591,Linoleic acid metabolism [PATH:ko00591],0.4607708905522918,24,0.8460571300926041
map00592,alpha-Linolenic acid metabolism [PATH:ko00592],0.4607708905522918,24,0.8489545860175787
map00600,Sphingolipid metabolism [PATH:ko00600],0.4607708905522918,24,0.8518719557289793
map00603,Glycosphingolipid biosynthesis - globo and isoglobo series [PATH:ko00603],0.4607708905522918,24,0.854809445231493
map00620,Pyruvate metabolism [PATH:ko00620],0.4607708905522918,24,0.857767263381083
map00621,Dioxin degradation [PATH:ko00621],0.4607708905522918,24,0.8607456219344896
map00622,Xylene degradation [PATH:ko00622],0.4607708905522918,24,0.8637447355997665
map00623,Toluene degradation [PATH:ko00623],0.4607708905522918,24,0.8667648220878775
map04113,Meiosis - yeast [PATH:ko04113],0.4607708905522918,24,0.8698061021653789
map04064,NF-kappa B signaling pathway [PATH:ko04064],0.4607708905522918,24,0.8728687997082147
map04115,p53 signaling pathway [PATH:ko04115],0.4607708905522918,24,0.8759531417566536
map05130,Pathogenic Escherichia coli infection [PATH:ko05130],0.4607708905522918,24,0.8790593585713936
map05014,Amyotrophic lateral sclerosis [PATH:ko05014],0.4607708905522918,24,0.8821876836908648
map05016,Huntington disease [PATH:ko05016],0.4607708905522918,24,0.8853383539897607
map05017,Spinocerebellar ataxia [PATH:ko05017],0.4607708905522918,24,0.8885116097388279
map05020,Prion disease [PATH:ko05020],0.4607708905522918,24,0.891707694665946
map05022,Pathways of neurodegeneration - multiple diseases [PATH:ko05022],0.4607708905522918,24,0.8949268560185306
map05030,Cocaine addiction [PATH:ko05030],0.4607708905522918,24,0.8981693446272935
map05031,Amphetamine addiction [PATH:ko05031],0.4607708905522918,24,0.9014354149713927
map05032,Morphine addiction [PATH:ko05032],0.4607708905522918,24,0.9047253252450109
map05034,Alcoholism [PATH:ko05034],0.4607708905522918,24,0.9080393374253956
map05100,Bacterial invasion of epithelial cells [PATH:ko05100],0.4607708905522918,24,0.9113777173424007
map05110,Vibrio cholerae infection [PATH:ko05110],0.4607708905522918,24,0.9147407347495682
map05111,Biofilm formation - Vibrio cholerae [PATH:ko05111],0.4607708905522918,24,0.9181286633967888
map05120,Epithelial cell signaling in Helicobacter pylori infection [PATH:ko05120],0.4607708905522918,24,0.9215417811045836
map05131,Shigellosis [PATH:ko05131],0.4607708905522918,24,0.9249803698400485
map05010,Alzheimer disease [PATH:ko05010],0.4607708905522918,24,0.9284447157945056
map05132,Salmonella infection [PATH:ko05132],0.4607708905522918,24,0.9319351094629059
map05133,Pertussis [PATH:ko05133],0.4607708905522918,24,0.9354518457250302
map05134,Legionellosis [PATH:ko05134],0.4607708905522918,24,0.9389952239285341
map05135,Yersinia infection [PATH:ko05135],0.4607708905522918,24,0.9425655479738897
map05140,Leishmaniasis [PATH:ko05140],0.4607708905522918,24,0.946163126401271
map05142,Chagas disease [PATH:ko05142],0.4607708905522918,24,0.9497882724794368
map05143,African trypanosomiasis [PATH:ko05143],0.4607708905522918,24,0.9534413042966653
map05145,Toxoplasmosis [PATH:ko05145],0.4607708905522918,24,0.9571225448537953
map05146,Amoebiasis [PATH:ko05146],0.4607708905522918,24,0.9608323221594302
map05152,Tuberculosis [PATH:ko05152],0.4607708905522918,24,0.9645709693273657
map05160,Hepatitis C [PATH:ko05160],0.4607708905522918,24,0.9683388246763007
map05161,Hepatitis B [PATH:ko05161],0.4607708905522918,24,0.972136231831894
map05162,Measles [PATH:ko05162],0.4607708905522918,24,0.9759635398312322
map05012,Parkinson disease [PATH:ko05012],0.4607708905522918,24,0.9798211032297747
map04990,Domain-containing proteins not elsewhere classified [BR:ko04990],0.4607708905522918,24,0.9837092822108452
map04922,Glucagon signaling pathway [PATH:ko04922],0.4607708905522918,24,0.987628442697741
map04960,Aldosterone-regulated sodium reabsorption [PATH:ko04960],0.4607708905522918,24,0.9915789564685319
map04924,Renin secretion [PATH:ko04924],0.4607708905522918,24,0.9955612012736265
map04925,Aldosterone synthesis and secretion [PATH:ko04925],0.4607708905522918,24,0.9995755609561814
map04725,Cholinergic synapse [PATH:ko04725],0.4607708905522918,24,1.0
map04915,Estrogen signaling pathway [PATH:ko04915],0.4607708905522918,24,1.0
map04727,GABAergic synapse [PATH:ko04727],0.4607708905522918,24,1.0
map04728,Dopaminergic synapse [PATH:ko04728],0.4607708905522918,24,1.0
map04742,Taste transduction [PATH:ko04742],0.4607708905522918,24,1.0
map04712,Circadian rhythm - plant [PATH:ko04712],0.4607708905522918,24,1.0
map04914,Progesterone-mediated oocyte maturation [PATH:ko04914],0.4607708905522918,24,1.0
map04814,Motor proteins [PATH:ko04814],0.4607708905522918,24,1.0
map04745,Phototransduction - fly [PATH:ko04745],0.4607708905522918,24,1.0
map04750,Inflammatory mediator regulation of TRP channels [PATH:ko04750],0.4607708905522918,24,1.0
map04810,Regulation of actin cytoskeleton [PATH:ko04810],0.4607708905522918,24,1.0
map04812,Cytoskeleton proteins [BR:ko04812],0.4607708905522918,24,1.0
map04820,Cytoskeleton in muscle cells [PATH:ko04820],0.4607708905522918,24,1.0
map04919,Thyroid hormone signaling pathway [PATH:ko04919],0.4607708905522918,24,1.0
map04911,Insulin secretion [PATH:ko04911],0.4607708905522918,24,1.0
map04714,Thermogenesis [PATH:ko04714],0.4607708905522918,24,1.0
map04724,Glutamatergic synapse [PATH:ko04724],0.4607708905522918,24,1.0
map04912,GnRH signaling pathway [PATH:ko04912],0.4607708905522918,24,1.0
map04917,Prolactin signaling pathway [PATH:ko04917],0.4607708905522918,24,1.0
map04668,TNF signaling pathway [PATH:ko04668],0.4607708905522918,24,1.0
map04664,Fc epsilon RI signaling pathway [PATH:ko04664],0.4607708905522918,24,1.0
map04916,Melanogenesis [PATH:ko04916],0.4607708905522918,24,1.0
map04670,Leukocyte transendothelial migration [PATH:ko04670],0.4607708905522918,24,1.0
map04710,Circadian rhythm [PATH:ko04710],0.4607708905522918,24,1.0
map04662,B cell receptor signaling pathway [PATH:ko04662],0.4607708905522918,24,1.0
map04918,Thyroid hormone synthesis [PATH:ko04918],0.4607708905522918,24,1.0
map04910,Insulin signaling pathway [PATH:ko04910],0.4607708905522918,24,1.0
map04723,Retrograde endocannabinoid signaling [PATH:ko04723],0.4607708905522918,24,1.0
map04217,Necroptosis [PATH:ko04217],0.4607708905522918,24,1.0
map04721,Synaptic vesicle cycle [PATH:ko04721],0.4607708905522918,24,1.0
map04137,Mitophagy - animal [PATH:ko04137],0.4607708905522918,24,1.0
map04138,Autophagy - yeast [PATH:ko04138],0.4607708905522918,24,1.0
map04140,Autophagy - animal [PATH:ko04140],0.4607708905522918,24,1.0
map04141,Protein processing in endoplasmic reticulum [PATH:ko04141],0.4607708905522918,24,1.0
map04144,Endocytosis [PATH:ko04144],0.4607708905522918,24,1.0
map04145,Phagosome [PATH:ko04145],0.4607708905522918,24,1.0
map04146,Peroxisome [PATH:ko04146],0.4607708905522918,24,1.0
map04147,Exosome [BR:ko04147],0.4607708905522918,24,1.0
map04148,Efferocytosis [PATH:ko04148],0.4607708905522918,24,1.0
map04150,mTOR signaling pathway [PATH:ko04150],0.4607708905522918,24,1.0
map04151,PI3K-Akt signaling pathway [PATH:ko04151],0.4607708905522918,24,1.0
map04152,AMPK signaling pathway [PATH:ko04152],0.4607708905522918,24,1.0
map04210,Apoptosis [PATH:ko04210],0.4607708905522918,24,1.0
map04211,Longevity regulating pathway [PATH:ko04211],0.4607708905522918,24,1.0
map04212,Longevity regulating pathway - worm [PATH:ko04212],0.4607708905522918,24,1.0
map04213,Longevity regulating pathway - multiple species [PATH:ko04213],0.4607708905522918,24,1.0
map04214,Apoptosis - fly [PATH:ko04214],0.4607708905522918,24,1.0
map04216,Ferroptosis [PATH:ko04216],0.4607708905522918,24,1.0
map04666,Fc gamma R-mediated phagocytosis [PATH:ko04666],0.4607708905522918,24,1.0
map04218,Cellular senescence [PATH:ko04218],0.4607708905522918,24,1.0
map04260,Cardiac muscle contraction [PATH:ko04260],0.4607708905522918,24,1.0
map04261,Adrenergic signaling in cardiomyocytes [PATH:ko04261],0.4607708905522918,24,1.0
map04650,Natural killer cell mediated cytotoxicity [PATH:ko04650],0.4607708905522918,24,1.0
map00010,Glycolysis / Gluconeogenesis [PATH:ko00010],0.4607708905522918,24,1.0
map04726,Serotonergic synapse [PATH:ko04726],0.4607708905522918,24,1.0
map04730,Long-term depression [PATH:ko04730],0.4607708905522918,24,1.0
map04720,Long-term potentiation [PATH:ko04720],0.4607708905522918,24,1.0
map04722,Neurotrophin signaling pathway [PATH:ko04722],0.4607708905522918,24,1.0
map04658,Th1 and Th2 cell differentiation [PATH:ko04658],0.4607708905522918,24,1.0
map04744,Phototransduction [PATH:ko04744],0.4607708905522912,24,1.0
map04659,Th17 cell differentiation [PATH:ko04659],0.4607708905522918,24,1.0
map04139,Mitophagy - yeast [PATH:ko04139],0.4607708905522912,24,1.0
map03265,"Virion - Ebolavirus, Lyssavirus and Morbillivirus [PATH:ko03265]",0.4598887026936869,23,1.0
map05033,Nicotine addiction [PATH:ko05033],0.4598887026936869,23,1.0
map03310,Nuclear receptors [BR:ko03310],0.4598887026936869,23,1.0
map04514,Cell adhesion molecules [PATH:ko04514],0.4598887026936869,23,1.0
map03200,Viral proteins [BR:ko03200],0.45988870269368654,23,1.0
map04054,Pattern recognition receptors [BR:ko04054],0.45894420889282217,22,1.0
map01056,Biosynthesis of type II polyketide backbone [PATH:ko01056],0.45894420889282217,22,1.0
map00534,Glycosaminoglycan biosynthesis - heparan sulfate / heparin [PATH:ko00534],0.45792971447185155,21,1.0
map05144,Malaria [PATH:ko05144],0.4568361255919623,20,1.0
map00512,Mucin type O-glycan biosynthesis [PATH:ko00512],0.4568361255919623,20,1.0
map04060,Cytokine-cytokine receptor interaction [PATH:ko04060],0.45565260432241894,19,1.0
map00902,Monoterpenoid biosynthesis [PATH:ko00902],0.45565260432241883,19,1.0
map03271,Virion - Rotavirus [PATH:ko03271],0.45296080948699424,17,1.0
map00532,Glycosaminoglycan biosynthesis - chondroitin sulfate / dermatan sulfate [PATH:ko00532],0.4514172112257255,16,1.0
map99984,Nucleotide metabolism,0.44781167431949154,14,1.0
map03258,Virion - Bacteriophage lambda [PATH:ko03258],0.4478116743194913,14,1.0
map04640,Hematopoietic cell lineage [PATH:ko04640],0.4456796413646112,13,1.0
map00533,Glycosaminoglycan biosynthesis - keratan sulfate [PATH:ko00533],0.4404932850652118,11,1.0
map05321,Inflammatory bowel disease [PATH:ko05321],0.43727418891386727,10,1.0
map04610,Complement and coagulation cascades [PATH:ko04610],0.43727418891386727,10,1.0
map00331,Clavulanic acid biosynthesis [PATH:ko00331],0.4231900811268441,7,1.0
map04950,Maturity onset diabetes of the young [PATH:ko04950],0.42319008112684375,7,1.0
map00522,"Biosynthesis of 12-, 14- and 16-membered macrolides [PATH:ko00522]",0.41588018699550844,6,1.0
map00601,Glycosphingolipid biosynthesis - lacto and neolacto series [PATH:ko00601],0.4158801869955082,6,1.0
map00196,Photosynthesis - antenna proteins [PATH:ko00196],0.4060058497098379,5,1.0
map00904,Diterpenoid biosynthesis [PATH:ko00904],0.3916251762710884,4,1.0
map03272,Virion - Hepatitis viruses [PATH:ko03272],0.4607708905522912,24,1.0
map00404,Staurosporine biosynthesis [PATH:ko00404],0.4607708905522912,24,1.0
map03264,Virion - Flavivirus and Alphavirus [PATH:ko03264],0.4607708905522912,24,1.0
map04977,Vitamin digestion and absorption [PATH:ko04977],0.4607708905522912,24,1.0
map00535,Proteoglycans [BR:ko00535],0.46077089055229153,24,1.0
map00563,Glycosylphosphatidylinositol (GPI)-anchor biosynthesis [PATH:ko00563],0.46077089055229153,24,1.0
map04913,Ovarian steroidogenesis [PATH:ko04913],0.46077089055229153,24,1.0
map04142,Lysosome [PATH:ko04142],0.4607708905522912,24,1.0
map00604,Glycosphingolipid biosynthesis - ganglio series [PATH:ko00604],0.4607708905522912,24,1.0
map04740,Olfactory transduction [PATH:ko04740],0.4607708905522912,24,1.0
map04933,AGE-RAGE signaling pathway in diabetic complications [PATH:ko04933],0.4607708905522912,24,1.0
map04131,Membrane trafficking [BR:ko04131],0.4607708905522918,24,1.0
map00930,Caprolactam degradation [PATH:ko00930],0.4607708905522912,24,1.0
map99983,Lipid metabolism,0.4607708905522912,24,1.0
map04624,Toll and Imd signaling pathway [PATH:ko04624],0.4607708905522912,24,1.0
map00906,Carotenoid biosynthesis [PATH:ko00906],0.4607708905522912,24,1.0
map04215,Apoptosis - multiple species [PATH:ko04215],0.4607708905522912,24,1.0
map04660,T cell receptor signaling pathway [PATH:ko04660],0.4607708905522918,24,1.0
map05150,Staphylococcus aureus infection [PATH:ko05150],0.4607708905522912,24,1.0
map05340,Primary immunodeficiency [PATH:ko05340],0.4607708905522912,24,1.0
map04713,Circadian entrainment [PATH:ko04713],0.4607708905522912,24,1.0
map05221,Acute myeloid leukemia [PATH:ko05221],0.4607708905522912,24,1.0
map04136,Autophagy - other [PATH:ko04136],0.4607708905522912,24,1.0
map04512,ECM-receptor interaction [PATH:ko04512],0.4607708905522912,24,1.0
map04550,Signaling pathways regulating pluripotency of stem cells [PATH:ko04550],0.4607708905522912,24,1.0
map04392,Hippo signaling pathway - multiple species [PATH:ko04392],0.4607708905522912,24,1.0
map04080,Neuroactive ligand-receptor interaction [PATH:ko04080],0.4607708905522912,24,1.0
map01521,EGFR tyrosine kinase inhibitor resistance [PATH:ko01521],0.4607708905522912,24,1.0
map04130,SNARE interactions in vesicular transport [PATH:ko04130],0.4607708905522912,24,1.0
map04711,Circadian rhythm - fly [PATH:ko04711],0.4607708905522912,24,1.0
map00643,Styrene degradation [PATH:ko00643],0.4607708905522912,24,1.0
map04515,Cell adhesion molecules [BR:ko04515],0.4607708905522912,24,1.0
map00121,Secondary bile acid biosynthesis [PATH:ko00121],0.4607708905522912,24,1.0
map04122,Sulfur relay system [PATH:ko04122],0.4607708905522918,24,1.0
map04621,NOD-like receptor signaling pathway [PATH:ko04621],0.4607708905522918,24,1.0
map04270,Vascular smooth muscle contraction [PATH:ko04270],0.4607708905522918,24,1.0
map05323,Rheumatoid arthritis [PATH:ko05323],0.4607708905522918,24,1.0
map05410,Hypertrophic cardiomyopathy [PATH:ko05410],0.4607708905522918,24,1.0
map05412,Arrhythmogenic right ventricular cardiomyopathy [PATH:ko05412],0.4607708905522918,24,1.0
map05414,Dilated cardiomyopathy [PATH:ko05414],0.4607708905522918,24,1.0
map05415,Diabetic cardiomyopathy [PATH:ko05415],0.4607708905522918,24,1.0
map05416,Viral myocarditis [PATH:ko05416],0.4607708905522918,24,1.0
map05417,Lipid and atherosclerosis [PATH:ko05417],0.4607708905522918,24,1.0
map05418,Fluid shear stress and atherosclerosis [PATH:ko05418],0.4607708905522918,24,1.0
map99973,Transcription,0.4607708905522918,24,1.0
map99974,Translation,0.4607708905522918,24,1.0
map99975,Protein processing,0.4607708905522918,24,1.0
map99976,Replication and repair,0.4607708905522918,24,1.0
map99978,Cell growth,0.4607708905522918,24,1.0
map05166,Human T-cell leukemia virus 1 infection [PATH:ko05166],0.4607708905522918,24,1.0
map99980,Enzymes with EC numbers,0.4607708905522918,24,1.0
map99981,Carbohydrate metabolism,0.4607708905522918,24,1.0
map99982,Energy metabolism,0.4607708905522918,24,1.0
map99985,Amino acid metabolism,0.4607708905522918,24,1.0
map99986,Glycan metabolism,0.4607708905522918,24,1.0
map99987,Cofactor metabolism,0.4607708905522918,24,1.0
map99988,Secondary metabolism,0.4607708905522918,24,1.0
map99992,Structural proteins,0.4607708905522918,24,1.0
map99993,Cell motility,0.4607708905522918,24,1.0
map99994,Others,0.4607708905522918,24,1.0
map99995,Signaling proteins,0.4607708905522918,24,1.0
map99996,General function prediction only,0.4607708905522918,24,1.0
map99997,Function unknown,0.4607708905522918,24,1.0
map05322,Systemic lupus erythematosus [PATH:ko05322],0.4607708905522918,24,1.0
map05235,PD-L1 expression and PD-1 checkpoint pathway in cancer [PATH:ko05235],0.4607708905522918,24,1.0
map99977,Transport,0.4607708905522918,24,1.0
map05164,Influenza A [PATH:ko05164],0.4607708905522918,24,1.0
map04926,Relaxin signaling pathway [PATH:ko04926],0.4607708905522918,24,1.0
map04927,Cortisol synthesis and secretion [PATH:ko04927],0.4607708905522918,24,1.0
map04928,"Parathyroid hormone synthesis, secretion and action [PATH:ko04928]",0.4607708905522918,24,1.0
map04929,GnRH secretion [PATH:ko04929],0.4607708905522918,24,1.0
map04930,Type II diabetes mellitus [PATH:ko04930],0.4607708905522918,24,1.0
map04931,Insulin resistance [PATH:ko04931],0.4607708905522918,24,1.0
map04932,Non-alcoholic fatty liver disease [PATH:ko04932],0.4607708905522918,24,1.0
map04120,Ubiquitin mediated proteolysis [PATH:ko04120],0.4607708905522918,24,1.0
map04935,"Growth hormone synthesis, secretion and action [PATH:ko04935]",0.4607708905522918,24,1.0
map04936,Alcoholic liver disease [PATH:ko04936],0.4607708905522918,24,1.0
map04940,Type I diabetes mellitus [PATH:ko04940],0.4607708905522918,24,1.0
map04961,Endocrine and other factor-regulated calcium reabsorption [PATH:ko04961],0.4607708905522918,24,1.0
map04981,Folate transport and metabolism [PATH:ko04981],0.4607708905522918,24,1.0
map04962,Vasopressin-regulated water reabsorption [PATH:ko04962],0.4607708905522918,24,1.0
map04964,Proximal tubule bicarbonate reclamation [PATH:ko04964],0.4607708905522918,24,1.0
map04966,Collecting duct acid secretion [PATH:ko04966],0.4607708905522918,24,1.0
map04970,Salivary secretion [PATH:ko04970],0.4607708905522918,24,1.0
map04971,Gastric acid secretion [PATH:ko04971],0.4607708905522918,24,1.0
map04972,Pancreatic secretion [PATH:ko04972],0.4607708905522918,24,1.0
map04973,Carbohydrate digestion and absorption [PATH:ko04973],0.4607708905522918,24,1.0
map04974,Protein digestion and absorption [PATH:ko04974],0.4607708905522918,24,1.0
map04975,Fat digestion and absorption [PATH:ko04975],0.4607708905522918,24,1.0
map04976,Bile secretion [PATH:ko04976],0.4607708905522918,24,1.0
map04978,Mineral absorption [PATH:ko04978],0.4607708905522918,24,1.0
map04979,Cholesterol metabolism [PATH:ko04979],0.4607708905522918,24,1.0
map04980,Cobalamin transport and metabolism [PATH:ko04980],0.4607708905522918,24,1.0
map05163,Human cytomegalovirus infection [PATH:ko05163],0.4607708905522918,24,1.0
map05165,Human papillomavirus infection [PATH:ko05165],0.4607708905522918,24,1.0
map05231,Choline metabolism in cancer [PATH:ko05231],0.4607708905522918,24,1.0
map05230,Central carbon metabolism in cancer [PATH:ko05230],0.4607708905522918,24,1.0
map05226,Gastric cancer [PATH:ko05226],0.4607708905522918,24,1.0
map04341,Hedgehog signaling pathway - fly [PATH:ko04341],0.4607708905522918,24,1.0
map04350,TGF-beta signaling pathway [PATH:ko04350],0.4607708905522918,24,1.0
map04360,Axon guidance [PATH:ko04360],0.4607708905522918,24,1.0
map04361,Axon regeneration [PATH:ko04361],0.4607708905522918,24,1.0
map04370,VEGF signaling pathway [PATH:ko04370],0.4607708905522918,24,1.0
map04371,Apelin signaling pathway [PATH:ko04371],0.4607708905522918,24,1.0
map04380,Osteoclast differentiation [PATH:ko04380],0.4607708905522918,24,1.0
map04390,Hippo signaling pathway [PATH:ko04390],0.4607708905522918,24,1.0
map04391,Hippo signaling pathway - fly [PATH:ko04391],0.4607708905522918,24,1.0
map04510,Focal adhesion [PATH:ko04510],0.4607708905522918,24,1.0
map04520,Adherens junction [PATH:ko04520],0.4607708905522918,24,1.0
map04540,Gap junction [PATH:ko04540],0.4607708905522918,24,1.0
map04657,IL-17 signaling pathway [PATH:ko04657],0.4607708905522918,24,1.0
map04920,Adipocytokine signaling pathway [PATH:ko04920],0.4607708905522918,24,1.0
map04611,Platelet activation [PATH:ko04611],0.4607708905522918,24,1.0
map04612,Antigen processing and presentation [PATH:ko04612],0.4607708905522918,24,1.0
map04613,Neutrophil extracellular trap formation [PATH:ko04613],0.4607708905522918,24,1.0
map04614,Renin-angiotensin system [PATH:ko04614],0.4607708905522918,24,1.0
map04620,Toll-like receptor signaling pathway [PATH:ko04620],0.4607708905522918,24,1.0
map04622,RIG-I-like receptor signaling pathway [PATH:ko04622],0.4607708905522918,24,1.0
map04623,Cytosolic DNA-sensing pathway [PATH:ko04623],0.4607708905522918,24,1.0
map04625,C-type lectin receptor signaling pathway [PATH:ko04625],0.4607708905522918,24,1.0
map04626,Plant-pathogen interaction [PATH:ko04626],0.4607708905522918,24,1.0
map04630,JAK-STAT signaling pathway [PATH:ko04630],0.4607708905522918,24,1.0
map04330,Notch signaling pathway [PATH:ko04330],0.4607708905522918,24,1.0
map04320,Dorso-ventral axis formation [PATH:ko04320],0.4607708905522918,24,1.0
map04310,Wnt signaling pathway [PATH:ko04310],0.4607708905522918,24,1.0
map04340,Hedgehog signaling pathway [PATH:ko04340],0.4607708905522918,24,1.0
map04530,Tight junction [PATH:ko04530],0.4607708905522918,24,1.0
map04921,Oxytocin signaling pathway [PATH:ko04921],0.4607708905522918,24,1.0
map04934,Cushing syndrome [PATH:ko04934],0.4607708905522918,24,1.0
map05167,Kaposi sarcoma-associated herpesvirus infection [PATH:ko05167],0.4607708905522918,24,1.0
map05168,Herpes simplex virus 1 infection [PATH:ko05168],0.4607708905522918,24,1.0
map05169,Epstein-Barr virus infection [PATH:ko05169],0.4607708905522918,24,1.0
map05170,Human immunodeficiency virus 1 infection [PATH:ko05170],0.4607708905522918,24,1.0
map05171,Coronavirus disease - COVID-19 [PATH:ko05171],0.4607708905522918,24,1.0
map05200,Pathways in cancer [PATH:ko05200],0.4607708905522918,24,1.0
map05202,Transcriptional misregulation in cancer [PATH:ko05202],0.4607708905522918,24,1.0
map05203,Viral carcinogenesis [PATH:ko05203],0.4607708905522918,24,1.0
map05204,Chemical carcinogenesis - DNA adducts [PATH:ko05204],0.4607708905522918,24,1.0
map05205,Proteoglycans in cancer [PATH:ko05205],0.4607708905522918,24,1.0
map05206,MicroRNAs in cancer [PATH:ko05206],0.4607708905522918,24,1.0
map05207,Chemical carcinogenesis - receptor activation [PATH:ko05207],0.4607708905522918,24,1.0
map05208,Chemical carcinogenesis - reactive oxygen species [PATH:ko05208],0.4607708905522918,24,1.0
map04121,Ubiquitin system [BR:ko04121],0.4607708905522918,24,1.0
map05210,Colorectal cancer [PATH:ko05210],0.4607708905522918,24,1.0
map05212,Pancreatic cancer [PATH:ko05212],0.4607708905522918,24,1.0
map05213,Endometrial cancer [PATH:ko05213],0.4607708905522918,24,1.0
map05214,Glioma [PATH:ko05214],0.4607708905522918,24,1.0
map05215,Prostate cancer [PATH:ko05215],0.4607708905522918,24,1.0
map05216,Thyroid cancer [PATH:ko05216],0.4607708905522918,24,1.0
map05218,Melanoma [PATH:ko05218],0.4607708905522918,24,1.0
map05219,Bladder cancer [PATH:ko05219],0.4607708905522918,24,1.0
map05220,Chronic myeloid leukemia [PATH:ko05220],0.4607708905522918,24,1.0
map05222,Small cell lung cancer [PATH:ko05222],0.4607708905522918,24,1.0
map05223,Non-small cell lung cancer [PATH:ko05223],0.4607708905522918,24,1.0
map05224,Breast cancer [PATH:ko05224],0.4607708905522918,24,1.0
map05225,Hepatocellular carcinoma [PATH:ko05225],0.4607708905522918,24,1.0
map04923,Regulation of lipolysis in adipocytes [PATH:ko04923],0.4607708905522918,24,1.0
map05211,Renal cell carcinoma [PATH:ko05211],0.4607708905522918,24,1.0
map00942,Anthocyanin biosynthesis [PATH:ko00942],0.31731050786291115,2,1.0
map00905,Brassinosteroid biosynthesis [PATH:ko00905],,2,
